Algoritmo,https://www.youtube.com/embed/bJT-s3E0hZw
Arquivo,https://www.youtube.com/embed/6xd9OopO9rs
Banco de Dados,https://www.youtube.com/embed/4tQ_KvFQgOg
C#,https://www.youtube.com/embed/5bE63BCHq0Y
C++,https://www.youtube.com/embed/H2qWb9ELTHE
Cabo de Rede,https://www.youtube.com/embed/524M9ggRLUQ
Compartilhar,https://www.youtube.com/embed/7AgPQLuTdVg
CSS,https://www.youtube.com/embed/7rPJINCcahU
Dados,https://www.youtube.com/embed/7IjEwg2xt50
Documento,https://www.youtube.com/embed/O4e3cxMj8UM
Domínio,https://www.youtube.com/embed/zYbXaWYl548
E-mail,https://www.youtube.com/embed/YCoxBYzYTB4
Execl,https://www.youtube.com/embed/evZpsctPb_w
Hardware,https://www.youtube.com/embed/EDHJn3uigCI
HDD,https://www.youtube.com/embed/9Y9RgdgfBO4
HTML,https://www.youtube.com/embed/y1WZhtL6FxI
Informática,https://www.youtube.com/embed/qnb3FHdrnMQ
Internet,https://www.youtube.com/embed/ceZnhLyxV20
Java,https://www.youtube.com/embed/z5hQDKnkn9A
JavaScript,https://www.youtube.com/embed/Mn2b0ynTxaY
Linguagem de Programação,https://www.youtube.com/embed/s2hfoRaZPDI
Link,https://www.youtube.com/embed/OGj7gpa3F2s
Linux,https://www.youtube.com/embed/xv_mCeuMSA0
Manutenção,https://www.youtube.com/embed/ySuWSvznsDQ
Memória,https://www.youtube.com/embed/DD6Kr8yY3R8
Microsoft,https://www.youtube.com/embed/3dXCt7so0wc
Mouse,https://www.youtube.com/embed/OOxd4EIs1Q0
Pasta,https://www.youtube.com/embed/qYKyRNthc70
PowerPoint,https://www.youtube.com/embed/y_gBXWWQCJA
Programas,https://www.youtube.com/embed/K7Q3hphY1hY
Python,https://www.youtube.com/embed/loO3bya0v9w
Redes,https://www.youtube.com/embed/scTiCjP_hdo
Roteador,https://www.youtube.com/embed/ubP7XkrgEAA
Scratch,https://www.youtube.com/embed/eUXikCvC3Hg
Sistema,https://www.youtube.com/embed/7-IpDNNKiZY
Site,https://www.youtube.com/embed/DoRibP5GF4I
Software,https://www.youtube.com/embed/0oU15Psl6GI
SSD,https://www.youtube.com/embed/d8Oj8J7UPiA
Técnico,https://www.youtube.com/embed/P4BEbz56QD8
Tecnológica,https://www.youtube.com/embed/kkH1xvdbMBg
USB,https://www.youtube.com/embed/pTacM-by_Hs
Variável,https://www.youtube.com/embed/08KQMyvlVZ8
Vírus,https://www.youtube.com/embed/PgsnzeGUn3o
Windows,https://www.youtube.com/embed/5izaFLW5IVg
Word,https://www.youtube.com/embed/VgiMW1vs9HY